{
  "name": "ace-builds",
  "version": "1.3.3",
  "description": "Ace (Ajax.org Cloud9 Editor)",
  "scripts": {
    "test": "echo \"Error: no test specified\" && exit 1"
  },
  "ignore": [
    "demo"
  ],
  "repository": {
    "type": "git",
    "url": "https://github.com/ajaxorg/ace-builds.git"
  },
  "author": "",
  "license": "BSD",
  "bugs": {
    "url": "https://github.com/ajaxorg/ace-builds/issues"
  },
  "homepage": "https://github.com/ajaxorg/ace-builds",
  "_release": "1.3.3",
  "_resolution": {
    "type": "version",
    "tag": "v1.3.3",
    "commit": "c915483e909bc1b3061cabaaf932f796c723226b"
  },
  "_source": "https://github.com/ajaxorg/ace-builds.git",
  "_target": "^1",
  "_originalSource": "ace-builds"
}